City_ID,City,Country,Date,Lat,Lng,Max Temp,Humidity,Cloudiness,Wind Speed
0,Yellowknife,CA,2021-07-12 01:20:20,62.456,-114.3525,73.92,49,75,3.0
1,Forestville,US,2021-07-12 01:20:20,38.8451,-76.875,84.65,78,1,5.75
2,Kapaa,US,2021-07-12 01:16:15,22.0752,-159.319,87.78,72,20,7.0
3,Buraydah,SA,2021-07-12 01:20:21,26.326,43.975,88.25,10,96,8.14
4,Saint-Philippe,RE,2021-07-12 01:20:21,-21.3585,55.7679,67.55,76,44,11.88
5,Kathu,TH,2021-07-12 01:20:22,7.9178,98.3332,82.62,99,91,10.4
6,Bacolod,PH,2021-07-12 01:18:39,10.6667,122.95,84.34,72,44,2.95
7,Chuy,UY,2021-07-12 01:20:22,-33.6971,-53.4616,47.3,86,15,6.35
8,Kasempa,ZM,2021-07-12 01:20:23,-13.4584,25.8338,51.04,65,0,5.1
9,Myaundzha,RU,2021-07-12 01:20:23,63.0494,147.1858,56.88,77,100,7.67
10,Mataura,NZ,2021-07-12 01:20:23,-46.1927,168.8643,42.78,85,97,5.21
11,Burnie,AU,2021-07-12 01:18:35,-41.0667,145.9167,53.44,85,100,13.98
12,Port Alfred,ZA,2021-07-12 01:20:24,-33.5906,26.891,64.89,28,0,8.84
13,Ushuaia,AR,2021-07-12 01:17:32,-54.8,-68.3,33.46,80,40,5.75
14,Koslan,RU,2021-07-12 01:20:24,63.4564,48.8989,53.47,80,77,4.14
15,Gatton,AU,2021-07-12 01:20:25,-27.55,152.2833,66.4,55,0,6.33
16,Zemio,CF,2021-07-12 01:20:25,5.0314,25.1361,66.79,98,98,1.83
17,Bluff,NZ,2021-07-12 01:20:25,-46.6,168.3333,45.48,84,100,10.2
18,Busselton,AU,2021-07-12 01:20:26,-33.65,115.3333,58.05,81,52,20.96
19,Grindavik,IS,2021-07-12 01:20:26,63.8424,-22.4338,54.55,100,90,14.97
20,Brasileia,BR,2021-07-12 01:20:27,-11.0161,-68.7481,79.36,54,62,2.66
21,Punta Arenas,CL,2021-07-12 01:20:27,-53.15,-70.9167,33.91,93,75,19.57
22,Chunhuhub,MX,2021-07-12 01:20:27,19.55,-88.6833,83.16,62,95,8.43
23,Yacuiba,BO,2021-07-12 01:20:28,-22.038,-63.6797,73.92,54,16,7.38
24,Jamestown,US,2021-07-12 01:20:28,42.097,-79.2353,69.3,97,90,1.01
25,Tasiilaq,GL,2021-07-12 01:18:11,65.6145,-37.6368,48.36,98,100,9.6
26,Qaanaaq,GL,2021-07-12 01:20:28,77.484,-69.3632,38.89,67,40,3.62
27,Carnarvon,AU,2021-07-12 01:20:29,-24.8667,113.6333,69.87,94,75,14.97
28,Panama City,PA,2021-07-12 01:20:05,8.9936,-79.5197,83.05,85,40,5.75
29,Jieshi,CN,2021-07-12 01:20:29,22.8134,115.8257,90.95,73,100,10.04
30,Kirakira,SB,2021-07-12 01:18:35,-10.4544,161.9205,84.25,74,21,9.78
31,Kalmunai,LK,2021-07-12 01:20:30,7.4167,81.8167,78.75,72,93,4.83
32,Jasper,US,2021-07-12 01:20:30,37.2001,-94.3502,72.82,83,1,1.01
33,Ulaangom,MN,2021-07-12 01:20:31,49.9811,92.0667,67.41,49,100,1.52
34,Sao Filipe,CV,2021-07-12 01:20:31,14.8961,-24.4956,72.66,76,41,6.35
35,Avarua,CK,2021-07-12 01:20:31,-21.2078,-159.775,82.45,69,75,11.5
36,Rikitea,PF,2021-07-12 01:17:35,-23.1203,-134.9692,73.81,82,2,20.11
37,Beidao,CN,2021-07-12 01:20:32,34.5686,105.8933,76.78,66,9,2.55
38,Ribeira Grande,PT,2021-07-12 01:20:32,38.5167,-28.7,67.37,73,100,14.9
39,Hazorasp,UZ,2021-07-12 01:20:33,41.3194,61.0742,66.04,25,0,1.12
40,Atuona,PF,2021-07-12 01:20:33,-9.8,-139.0333,78.37,75,72,23.53
41,Ouango,CF,2021-07-12 01:20:33,4.3133,22.5552,68.09,96,100,1.45
42,Kruisfontein,ZA,2021-07-12 01:17:44,-34.0033,24.7314,47.01,56,0,1.92
43,Quatre Cocos,MU,2021-07-12 01:20:34,-20.2078,57.7625,70.09,75,66,15.17
44,Portree,GB,2021-07-12 01:17:17,57.4129,-6.1942,58.86,91,97,4.83
45,Kloulklubed,PW,2021-07-12 01:20:34,7.0419,134.2556,79.3,74,30,9.57
46,Fairbanks,US,2021-07-12 01:20:35,64.8378,-147.7164,72.61,37,20,0.0
47,Cape Town,ZA,2021-07-12 01:20:35,-33.9258,18.4232,50.41,93,75,17.27
48,Thabazimbi,ZA,2021-07-12 01:20:35,-24.5917,27.4116,51.84,45,0,4.21
49,Chokurdakh,RU,2021-07-12 01:20:36,70.6333,147.9167,45.79,61,99,13.13
50,Namibe,AO,2021-07-12 01:20:36,-15.1961,12.1522,63.63,84,0,6.85
51,Vieques,PR,2021-07-12 01:20:36,18.425,-65.8329,83.62,83,20,12.66
52,Arrecife,ES,2021-07-12 01:20:37,28.963,-13.5477,78.78,65,0,14.97
53,Colquechaca,BO,2021-07-12 01:20:37,-18.6667,-66.0167,33.8,62,3,2.1
54,Vaini,TO,2021-07-12 01:20:37,-21.2,-175.2,80.76,83,20,10.36
55,Bainbridge,US,2021-07-12 01:20:38,47.6262,-122.5212,85.39,52,1,1.01
56,Georgetown,MY,2021-07-12 01:16:35,5.4112,100.3354,78.75,88,40,1.01
57,Port Blair,IN,2021-07-12 01:19:21,11.6667,92.75,81.55,84,100,17.11
58,Puerto Ayora,EC,2021-07-12 01:20:38,-0.7393,-90.3518,71.55,88,28,1.99
59,Omboue,GA,2021-07-12 01:20:39,-1.5746,9.2618,74.88,85,100,8.72
60,Alice Springs,AU,2021-07-12 01:20:39,-23.7,133.8833,69.35,19,27,3.44
61,Santa Cruz De La Palma,ES,2021-07-12 01:20:40,28.6835,-17.7642,75.15,88,75,14.97
62,Torbay,CA,2021-07-12 01:20:40,47.6666,-52.7314,53.89,95,75,3.44
63,Atar,MR,2021-07-12 01:20:40,20.5169,-13.0499,85.37,31,16,3.76
64,Mkushi,ZM,2021-07-12 01:20:41,-13.6202,29.3939,51.24,81,0,5.03
65,Codrington,AU,2021-07-12 01:20:41,-38.2667,141.9667,50.77,65,93,20.42
66,Luderitz,NA,2021-07-12 01:18:14,-26.6481,15.1594,53.01,89,1,3.58
67,Castro,BR,2021-07-12 01:20:41,-24.7911,-50.0119,51.1,81,0,2.77
68,Alytus,LT,2021-07-12 01:20:42,54.4,24.05,67.91,93,28,5.08
69,Plyussa,RU,2021-07-12 01:20:42,58.4308,29.3654,64.33,97,1,4.7
70,Vestmannaeyjar,IS,2021-07-12 01:19:36,63.4427,-20.2734,52.29,90,8,12.35
71,Nikolskoye,RU,2021-07-12 01:20:43,59.7035,30.7861,67.89,90,19,4.41
72,Kodiak,US,2021-07-12 01:20:43,57.79,-152.4072,51.31,87,90,14.97
73,Brae,GB,2021-07-12 01:20:44,60.3964,-1.353,55.31,95,100,1.19
74,Russell,US,2021-07-12 01:20:44,32.3502,-85.1999,76.71,89,40,0.0
75,Kaitangata,NZ,2021-07-12 01:20:44,-46.2817,169.8464,45.93,60,100,7.54
76,Beringovskiy,RU,2021-07-12 01:20:45,63.05,179.3167,62.06,60,49,5.88
77,Sakakah,SA,2021-07-12 01:20:45,29.9697,40.2064,89.17,19,0,17.45
78,Port Elizabeth,ZA,2021-07-12 01:20:45,-33.918,25.5701,43.09,81,0,4.61
79,Pangkalanbuun,ID,2021-07-12 01:20:46,-2.6833,111.6167,79.72,88,33,4.09
80,Saint George,US,2021-07-12 01:16:41,37.1041,-113.5841,108.19,10,1,13.8
81,Amapa,BR,2021-07-12 01:20:46,1.0,-52.0,72.36,94,100,2.04
82,Hasaki,JP,2021-07-12 01:20:47,35.7333,140.8333,84.29,75,100,4.81
83,Victoria,HK,2021-07-12 01:16:41,22.2855,114.1577,90.32,78,100,1.99
84,Malakal,SS,2021-07-12 01:20:47,9.5334,31.6605,70.5,95,100,3.89
85,Komsomolskiy,UZ,2021-07-12 01:20:48,40.4272,71.7189,74.62,64,40,4.61
86,Hobart,AU,2021-07-12 01:20:48,-42.8794,147.3294,51.12,93,75,5.75
87,Vardo,NO,2021-07-12 01:20:48,70.3705,31.1107,48.13,83,6,14.07
88,Mikhaylovka,RU,2021-07-12 01:20:49,50.06,43.2379,66.34,67,0,7.78
89,Broken Hill,AU,2021-07-12 01:20:49,-31.95,141.4333,58.78,34,0,16.75
90,Basco,PH,2021-07-12 01:20:49,20.4487,121.9702,84.42,78,100,13.53
91,Arraial Do Cabo,BR,2021-07-12 01:20:50,-22.9661,-42.0278,69.55,82,0,3.6
92,Butaritari,KI,2021-07-12 01:20:50,3.0707,172.7902,83.17,73,89,13.6
93,Nouadhibou,MR,2021-07-12 01:20:51,20.931,-17.0347,67.98,94,40,8.05
94,Souillac,MU,2021-07-12 01:20:51,-20.5167,57.5167,70.36,88,75,10.36
95,Valdivia,CL,2021-07-12 01:20:51,-39.8142,-73.2459,39.29,92,27,0.76
96,Payson,US,2021-07-12 01:16:55,40.0444,-111.7321,101.01,21,1,1.01
97,Monforte De Lemos,ES,2021-07-12 01:20:52,42.5216,-7.5142,60.28,80,100,2.77
98,Hithadhoo,MV,2021-07-12 01:20:52,-0.6,73.0833,81.14,70,99,3.02
99,East London,ZA,2021-07-12 01:20:53,-33.0153,27.9116,69.53,28,19,11.18
100,Norman Wells,CA,2021-07-12 01:20:53,65.282,-126.8329,75.24,29,75,14.97
101,Arusha,TZ,2021-07-12 01:20:53,-3.3667,36.6833,55.85,89,37,3.02
102,Grand Forks,US,2021-07-12 01:20:54,47.9417,-97.4337,85.93,37,1,12.66
103,College,US,2021-07-12 01:18:53,64.8569,-147.8028,71.55,35,75,0.0
104,Torquay,GB,2021-07-12 01:20:54,50.4638,-3.5143,59.58,46,100,1.01
105,San Quintin,MX,2021-07-12 01:20:55,30.4833,-115.95,71.67,71,49,12.55
106,Pisco,PE,2021-07-12 01:19:16,-13.7,-76.2167,62.65,82,40,4.61
107,Dukat,RU,2021-07-12 01:20:55,62.55,155.55,65.25,47,8,13.51
108,Butte,US,2021-07-12 01:20:56,39.6499,-121.5677,112.08,6,0,8.48
109,Flinders,AU,2021-07-12 01:20:56,-34.5833,150.8552,63.37,73,100,1.99
110,Kitimat,CA,2021-07-12 01:20:56,54.0524,-128.6534,77.38,51,40,1.01
111,Albany,US,2021-07-12 01:20:57,42.6001,-73.9662,65.37,95,100,3.62
112,Dawson,US,2021-07-12 01:20:57,31.7735,-84.4466,78.64,69,6,3.33
113,Rawson,AR,2021-07-12 01:20:57,-43.3002,-65.1023,49.03,58,57,10.67
114,Port Hardy,CA,2021-07-12 01:20:58,50.6996,-127.4199,62.78,72,20,18.41
115,Ponta Do Sol,PT,2021-07-12 01:18:29,32.6667,-17.1,77.63,58,97,9.33
116,Sisimiut,GL,2021-07-12 01:17:27,66.9395,-53.6735,46.81,66,55,9.6
117,Honiara,SB,2021-07-12 01:20:58,-9.4333,159.95,87.13,63,25,5.86
118,Avera,US,2021-07-12 01:20:59,33.194,-82.5271,77.72,65,0,5.39
119,Algiers,DZ,2021-07-12 01:18:46,36.7525,3.042,75.02,83,20,9.22
120,Hermanus,ZA,2021-07-12 01:20:59,-34.4187,19.2345,52.39,65,68,11.1
121,Japura,ID,2021-07-12 01:20:59,-0.3167,102.35,75.29,95,100,3.38
122,Buala,SB,2021-07-12 01:21:00,-8.145,159.5921,85.48,66,20,7.23
123,Bonthe,SL,2021-07-12 01:21:01,7.5264,-12.505,75.92,90,100,7.02
124,New Norfolk,AU,2021-07-12 01:21:01,-42.7826,147.0587,50.76,85,100,2.64
125,Tuktoyaktuk,CA,2021-07-12 01:21:01,69.4541,-133.0374,46.4,76,75,18.41
126,Chekhov,RU,2021-07-12 01:21:02,55.1431,37.4711,68.23,82,0,4.92
127,Severo-Kurilsk,RU,2021-07-12 01:21:02,50.6789,156.125,54.19,90,100,7.36
128,Diffa,NE,2021-07-12 01:21:02,13.3154,12.6113,84.49,48,95,6.8
129,Ouadda,CF,2021-07-12 01:21:03,8.0777,22.4007,67.24,98,100,1.45
130,Laguna,US,2021-07-12 01:17:29,38.421,-121.4238,109.45,30,1,5.01
131,Yerofey Pavlovich,RU,2021-07-12 01:21:03,53.9667,121.9667,68.92,47,100,3.31
132,Hickory,US,2021-07-12 01:20:46,35.7332,-81.3412,82.45,79,1,1.01
133,Barrow,US,2021-07-12 01:21:04,71.2906,-156.7887,35.62,80,90,8.05
134,Kashi,CN,2021-07-12 01:21:04,39.4547,75.9797,81.61,19,40,6.71
135,Hilo,US,2021-07-12 01:21:04,19.7297,-155.09,79.79,69,1,5.75
136,Nadym,RU,2021-07-12 01:21:05,65.5333,72.5167,47.48,69,100,11.01
137,Hambantota,LK,2021-07-12 01:21:05,6.1241,81.1185,79.47,81,100,20.85
138,Tateyama,JP,2021-07-12 01:21:05,34.9833,139.8667,84.47,81,100,4.12
139,Vytegra,RU,2021-07-12 01:21:06,61.0064,36.4481,61.61,90,6,5.44
140,Padang,ID,2021-07-12 01:19:21,-0.9492,100.3543,77.05,88,100,5.26
141,Nola,IT,2021-07-12 01:21:06,40.922,14.5329,74.93,85,0,1.57
142,Novikovo,RU,2021-07-12 01:21:06,51.1537,37.8879,64.65,86,28,6.49
143,Ancud,CL,2021-07-12 01:21:07,-41.8697,-73.8203,46.22,91,88,3.31
144,La Ronge,CA,2021-07-12 01:17:53,55.1001,-105.2842,79.05,36,90,5.75
145,Grand Gaube,MU,2021-07-12 01:17:58,-20.0064,57.6608,70.38,69,45,7.0
146,Coihaique,CL,2021-07-12 01:21:08,-45.5752,-72.0662,40.95,65,90,4.61
147,Paramonga,PE,2021-07-12 01:21:09,-10.6667,-77.8333,64.31,84,21,6.69
148,Kaoma,ZM,2021-07-12 01:21:09,-14.7833,24.8,48.47,62,0,5.5
149,Cidreira,BR,2021-07-12 01:21:09,-30.1811,-50.2056,60.04,89,4,6.8
150,Esperance,AU,2021-07-12 01:21:10,-33.8667,121.9,54.05,59,100,22.12
151,Pasighat,IN,2021-07-12 01:21:10,28.0667,95.3333,78.73,77,95,0.89
152,Letlhakeng,BW,2021-07-12 01:21:11,-24.0944,25.0298,48.18,49,0,6.6
153,Krasnyy Chikoy,RU,2021-07-12 01:21:12,50.3643,108.7512,67.41,83,88,4.12
154,Puro,PH,2021-07-12 01:21:12,12.4841,123.3827,84.58,74,96,7.45
155,Riviere-Au-Renard,CA,2021-07-12 01:21:13,48.9957,-64.3971,61.09,96,100,4.81
156,Mabaruma,GY,2021-07-12 01:21:13,8.2,-59.7833,74.66,96,99,3.33
157,Bethel,US,2021-07-12 01:21:14,41.3712,-73.414,74.01,89,90,4.61
158,Pemangkat,ID,2021-07-12 01:21:14,1.1667,108.9667,80.02,83,100,2.28
159,Guozhen,CN,2021-07-12 01:21:14,34.3659,107.359,84.2,58,61,3.29
160,Acapulco,MX,2021-07-12 01:21:15,16.8634,-99.8901,85.82,70,75,5.75
161,Jurm,AF,2021-07-12 01:21:15,36.8648,70.8342,70.29,51,0,0.78
162,Haines Junction,CA,2021-07-12 01:18:21,60.7522,-137.5108,57.15,51,100,6.91
163,Bilibino,RU,2021-07-12 01:21:16,68.0546,166.4372,83.39,35,9,18.14
164,Tsumeb,NA,2021-07-12 01:21:16,-19.2333,17.7167,40.55,31,4,6.35
165,San Patricio,US,2021-07-12 01:21:17,28.017,-97.5169,86.41,80,100,13.85
166,Husavik,IS,2021-07-12 01:21:17,66.0449,-17.3389,48.11,87,32,1.14
167,San Carlos Del Zulia,VE,2021-07-12 01:21:18,9.0,-71.9135,76.26,84,88,4.41
168,Tokur,RU,2021-07-12 01:21:18,53.1333,132.9,69.46,70,53,4.63
169,Porto Velho,BR,2021-07-12 01:21:17,-8.7619,-63.9039,73.45,68,0,0.0
170,Sioux Lookout,CA,2021-07-12 01:21:19,50.1001,-91.917,77.38,73,90,4.61
171,Williams Lake,CA,2021-07-12 01:21:19,52.1415,-122.1445,81.97,27,20,4.0
172,Lam Luk Ka,TH,2021-07-12 01:21:19,13.9323,100.7494,85.93,81,40,4.61
173,Upernavik,GL,2021-07-12 01:21:20,72.7868,-56.1549,39.22,75,9,11.74
174,Marshall,US,2021-07-12 01:21:20,34.3834,-86.3333,73.38,84,90,5.75
175,Mar Del Plata,AR,2021-07-12 01:21:20,-38.0023,-57.5575,53.13,64,0,8.99
176,Port Shepstone,ZA,2021-07-12 01:21:21,-30.7414,30.455,63.03,46,20,7.23
177,Krasnoselkup,RU,2021-07-12 01:21:22,65.7,82.4667,53.96,55,89,7.31
178,Izhma,RU,2021-07-12 01:21:22,65.0083,53.9113,44.6,76,0,5.3
179,Mantua,IT,2021-07-12 01:21:22,45.1667,10.7833,73.27,84,0,1.01
180,Harrismith,ZA,2021-07-12 01:21:23,-28.2728,29.1295,39.9,48,0,6.35
181,Gari,RU,2021-07-12 01:21:23,59.4307,62.3497,49.01,65,80,4.56
182,Saskylakh,RU,2021-07-12 01:21:23,71.9167,114.0833,54.07,39,47,16.42
183,North Bend,US,2021-07-12 01:21:24,43.4065,-124.2243,72.25,89,90,29.93
184,Cassilandia,BR,2021-07-12 01:21:24,-19.1133,-51.7342,65.05,41,3,3.42
185,Tiznit,MA,2021-07-12 01:21:24,29.5833,-9.5,82.74,38,100,0.83
186,Boa Vista,BR,2021-07-12 01:21:25,2.8197,-60.6733,78.78,89,40,3.44
187,Buguruslan,RU,2021-07-12 01:21:25,53.6554,52.442,56.48,86,0,8.37
188,Bartica,GY,2021-07-12 01:21:25,6.4,-58.6167,77.32,98,100,2.57
189,Maryborough,AU,2021-07-12 01:21:26,-25.5333,152.7,62.11,66,92,7.29
190,Pangai,TO,2021-07-12 01:21:26,-19.8,-174.35,82.51,78,20,9.22
191,Puri,IN,2021-07-12 01:21:27,19.8,85.85,85.37,82,52,11.52
192,Mandurah,AU,2021-07-12 01:21:27,-32.55,115.7,58.15,83,100,19.53
193,Narsaq,GL,2021-07-12 01:21:28,60.9167,-46.05,46.62,99,100,5.68
194,Bandar-E Lengeh,IR,2021-07-12 01:21:28,26.5579,54.8807,89.06,77,90,14.88
195,Bubaque,GW,2021-07-12 01:21:29,11.2833,-15.8333,79.47,83,100,10.89
196,Hualmay,PE,2021-07-12 01:21:29,-11.0964,-77.6139,63.97,83,49,7.4
197,Gibraltar,GI,2021-07-12 01:21:30,36.1447,-5.3526,84.13,51,90,6.91
198,Cap Malheureux,MU,2021-07-12 01:21:30,-19.9842,57.6142,70.47,71,33,5.01
199,Sokone,SN,2021-07-12 01:21:31,13.8833,-16.3667,77.16,74,100,8.95
200,Northam,GB,2021-07-12 01:21:31,51.0333,-4.2167,59.41,96,100,8.32
201,Saldanha,ZA,2021-07-12 01:21:31,-33.0117,17.9442,50.05,90,19,13.11
202,Cockburn Town,TC,2021-07-12 01:17:48,21.4612,-71.1419,81.25,86,18,24.58
203,Aksu,CN,2021-07-12 01:21:32,41.1231,80.2644,78.6,36,91,1.79
204,Wagar,SD,2021-07-12 01:21:32,16.1525,36.2032,80.35,67,41,16.69
205,Airai,TL,2021-07-12 01:21:33,-8.9266,125.4092,69.37,34,100,5.23
206,Longyearbyen,SJ,2021-07-12 01:21:33,78.2186,15.6401,39.04,87,75,16.11
207,Lebu,CL,2021-07-12 01:21:33,-37.6167,-73.65,47.88,77,41,12.15
208,Baykit,RU,2021-07-12 01:21:34,61.67,96.37,60.49,90,98,4.52
209,Sitka,US,2021-07-12 01:21:34,57.0531,-135.33,57.09,67,90,16.11
210,Klaksvik,FO,2021-07-12 01:21:34,62.2266,-6.589,50.92,96,100,1.68
211,Akyab,MM,2021-07-12 01:21:35,20.15,92.9,82.8,82,79,13.42
212,Oranjemund,NA,2021-07-12 01:21:35,-28.55,16.4333,52.03,85,1,4.38
213,Iqaluit,CA,2021-07-12 01:21:05,63.7506,-68.5145,52.7,58,75,8.01
214,Port Hedland,AU,2021-07-12 01:21:36,-20.3167,118.5667,75.25,50,99,4.61
215,Yulara,AU,2021-07-12 01:21:36,-25.2406,130.9889,62.44,34,11,12.66
216,Antofagasta,CL,2021-07-12 01:21:37,-23.65,-70.4,58.28,80,100,2.53
217,Darab,IR,2021-07-12 01:21:37,28.7519,54.5444,86.18,17,7,4.61
218,Nome,US,2021-07-12 01:18:16,64.5011,-165.4064,60.17,76,20,9.22
219,Guerrero Negro,MX,2021-07-12 01:21:12,27.9769,-114.0611,72.39,67,0,19.91
220,Launceston,AU,2021-07-12 01:21:38,-41.45,147.1667,50.81,93,90,5.75
221,Deputatskiy,RU,2021-07-12 01:21:39,69.3,139.9,38.26,79,100,3.69
222,Lompoc,US,2021-07-12 01:21:39,34.6391,-120.4579,88.02,79,1,13.8
223,Dongsheng,CN,2021-07-12 01:18:14,39.8161,109.9776,66.94,75,100,8.37
224,Ghorawal,IN,2021-07-12 01:21:40,24.7667,82.7833,81.7,79,100,8.03
225,San Francisco,US,2021-07-12 01:17:31,37.7749,-122.4194,94.12,80,7,3.0
226,Plettenberg Bay,ZA,2021-07-12 01:21:40,-34.0527,23.3716,53.4,50,0,2.08
227,Divo,CI,2021-07-12 01:21:41,5.8397,-5.36,68.9,96,58,2.37
228,Fortuna,US,2021-07-12 01:21:41,40.5982,-124.1573,60.33,93,90,10.36
229,Isangel,VU,2021-07-12 01:18:15,-19.55,169.2667,78.91,83,75,5.75
230,Yar-Sale,RU,2021-07-12 01:21:42,66.8333,70.8333,45.72,56,98,15.88
231,Kutoarjo,ID,2021-07-12 01:21:42,-7.7169,109.9128,79.16,76,0,2.53
232,Vila Franca Do Campo,PT,2021-07-12 01:21:43,37.7167,-25.4333,66.61,75,53,10.11
233,Mount Isa,AU,2021-07-12 01:21:43,-20.7333,139.5,71.37,20,28,8.05
234,Cherskiy,RU,2021-07-12 01:17:35,68.75,161.3,82.74,32,0,23.33
235,Khatanga,RU,2021-07-12 01:21:44,71.9667,102.5,53.02,42,100,3.85
236,Makakilo City,US,2021-07-12 01:19:09,21.3469,-158.0858,82.72,54,40,9.22
237,Alugan,PH,2021-07-12 01:21:44,12.2188,125.4808,83.79,80,97,5.12
238,Sistranda,NO,2021-07-12 01:21:45,63.7256,8.834,58.89,86,100,13.94
239,Tilichiki,RU,2021-07-12 01:17:51,60.4667,166.1,63.7,49,94,6.58
240,Harwich,GB,2021-07-12 01:21:45,51.9419,1.2844,60.22,92,100,4.16
241,Chumikan,RU,2021-07-12 01:21:45,54.7183,135.315,57.22,88,88,6.91
242,Farrukhnagar,IN,2021-07-12 01:21:46,17.0778,78.2011,74.91,94,100,11.3
243,Kuybysheve,UA,2021-07-12 01:21:46,47.358,36.6491,70.61,59,5,7.11
244,Dalvik,IS,2021-07-12 01:21:46,65.9702,-18.5286,48.13,88,4,1.36
245,Egvekinot,RU,2021-07-12 01:19:36,66.3167,-179.1667,53.76,70,96,6.33
246,Wilmington,US,2021-07-12 01:20:28,34.2257,-77.9447,80.85,78,20,13.8
247,Coquimbo,CL,2021-07-12 01:21:47,-29.9533,-71.3436,55.13,82,90,2.3
248,Port Macquarie,AU,2021-07-12 01:21:21,-31.4333,152.9167,63.9,63,56,2.35
249,Blackfoot,US,2021-07-12 01:21:48,43.1905,-112.345,93.54,7,3,18.99
250,Ahipara,NZ,2021-07-12 01:19:45,-35.1667,173.1667,53.19,91,100,23.58
251,Da Nang,VN,2021-07-12 01:21:48,16.0678,108.2208,85.98,70,75,2.3
252,Rocha,UY,2021-07-12 01:21:49,-34.4833,-54.3333,44.51,65,89,6.29
253,Gamba,GA,2021-07-12 01:19:38,-2.65,10.0,73.42,90,100,7.31
254,Sao Joao Da Barra,BR,2021-07-12 01:21:49,-21.6403,-41.0511,68.16,84,0,3.04
255,Havre-Saint-Pierre,CA,2021-07-12 01:21:49,50.2334,-63.5986,57.56,94,90,4.61
256,Ornskoldsvik,SE,2021-07-12 01:21:50,63.2909,18.7153,61.75,94,1,6.91
257,Portland,US,2021-07-12 01:21:12,45.5234,-122.6762,90.39,44,20,4.0
258,Maldonado,UY,2021-07-12 01:18:02,-34.6667,-54.9167,48.22,65,44,6.06
259,Bristol,US,2021-07-12 01:18:43,41.8334,-71.1662,71.92,83,90,1.01
260,Jizan,SA,2021-07-12 01:21:51,17.3333,42.6667,90.54,61,57,4.56
261,Gushikawa,JP,2021-07-12 01:21:51,26.3544,127.8686,87.39,84,40,0.0
262,Asfi,MA,2021-07-12 01:21:51,32.2994,-9.2372,78.42,60,24,8.19
263,Tiksi,RU,2021-07-12 01:21:52,71.6872,128.8694,40.73,60,9,10.74
264,Clyde River,CA,2021-07-12 01:21:52,70.4692,-68.5914,53.83,58,1,4.61
265,Eyl,SO,2021-07-12 01:21:53,7.9803,49.8164,79.2,64,16,26.55
266,Sainte-Anne-Des-Monts,CA,2021-07-12 01:21:53,49.124,-66.4924,53.47,100,5,3.44
267,Thompson,CA,2021-07-12 01:21:53,55.7435,-97.8558,77.16,57,75,3.44
268,Pacific Grove,US,2021-07-12 01:21:54,36.6177,-121.9166,89.15,90,61,1.99
269,Paka,MY,2021-07-12 01:21:54,4.6374,103.4368,76.93,94,40,0.0
270,Kuloy,RU,2021-07-12 01:21:54,61.0305,42.4925,63.16,75,35,3.87
271,Malindi,KE,2021-07-12 01:21:55,-3.2175,40.1191,74.52,84,44,13.42
272,Caravelas,BR,2021-07-12 01:21:55,-17.7125,-39.2481,68.97,86,0,5.5
273,Inyonga,TZ,2021-07-12 01:21:55,-6.7167,32.0667,55.98,47,2,5.19
274,Novouzensk,RU,2021-07-12 01:21:56,50.4592,48.1431,64.67,56,0,11.68
275,Saint Anthony,US,2021-07-12 01:19:44,45.0205,-93.218,82.54,46,1,1.99
276,Camacupa,AO,2021-07-12 01:18:52,-12.0167,17.4833,49.21,37,0,3.56
277,Viedma,AR,2021-07-12 01:21:56,-40.8135,-62.9967,47.91,48,0,7.02
278,Turka,UA,2021-07-12 01:21:57,49.1541,23.0297,61.25,89,0,3.69
279,Gravdal,NO,2021-07-12 01:18:05,68.1214,13.5031,55.71,96,100,18.9
280,Salalah,OM,2021-07-12 01:21:57,17.0151,54.0924,80.69,89,90,9.22
281,Afsin,TR,2021-07-12 01:21:58,38.2477,36.914,64.62,64,0,3.09
282,Porto Novo,BJ,2021-07-12 01:21:58,6.4965,2.6036,75.56,85,56,5.23
283,Cabo San Lucas,MX,2021-07-12 01:17:41,22.8909,-109.9124,96.1,52,20,10.0
284,Snasa,NO,2021-07-12 01:18:06,64.2457,12.3778,53.83,94,77,3.13
285,Danville,US,2021-07-12 01:17:26,36.586,-79.395,84.24,86,75,0.0
286,Tezu,IN,2021-07-12 01:19:10,27.9167,96.1667,78.3,80,92,0.36
287,Noyabrsk,RU,2021-07-12 01:21:59,63.1994,75.4507,53.11,66,100,8.21
288,Namatanai,PG,2021-07-12 01:19:19,-3.6667,152.4333,84.65,69,91,9.4
289,Ivanino,RU,2021-07-12 01:22:00,51.6434,35.5769,64.98,88,4,7.16
290,Lagoa,PT,2021-07-12 01:22:00,39.05,-27.9833,66.2,71,100,15.88
291,Salinopolis,BR,2021-07-12 01:20:35,-0.6136,-47.3561,78.22,85,24,11.92
292,Broome,US,2021-07-12 01:22:01,42.2506,-75.833,66.02,87,100,4.0
293,Tual,ID,2021-07-12 01:22:01,-5.6667,132.75,81.41,84,68,16.82
294,Lhokseumawe,ID,2021-07-12 01:19:22,5.1801,97.1507,76.51,87,100,9.26
295,Chapais,CA,2021-07-12 01:22:02,49.7834,-74.8492,62.38,52,0,3.71
296,Matara,LK,2021-07-12 01:22:02,5.9485,80.5353,78.15,86,100,16.51
297,Gadung,PH,2021-07-12 01:22:03,6.8025,124.02,84.13,70,67,2.95
298,Preston,GB,2021-07-12 01:22:03,53.7667,-2.7167,62.15,63,100,4.23
299,Jiwani,PK,2021-07-12 01:22:03,25.05,61.7417,81.93,84,100,8.68
300,Vostok,RU,2021-07-12 01:22:04,46.4856,135.8833,73.33,79,81,3.18
301,Banda Aceh,ID,2021-07-12 01:22:04,5.5577,95.3222,80.73,70,93,9.69
302,Laurel,US,2021-07-12 01:18:28,39.0993,-76.8483,85.05,83,1,1.99
303,Caldwell,US,2021-07-12 01:17:27,43.6629,-116.6874,100.27,13,1,5.75
304,Tabasco,MX,2021-07-12 01:22:05,18.0,-92.6667,86.11,66,1,6.91
305,Kangaatsiaq,GL,2021-07-12 01:22:05,68.3065,-53.4641,40.03,85,26,9.13
306,Teknaf,BD,2021-07-12 01:22:06,20.8624,92.3058,82.4,83,91,6.46
307,Bredasdorp,ZA,2021-07-12 01:22:06,-34.5322,20.0403,43.92,76,15,6.91
308,Peniche,PT,2021-07-12 01:22:06,39.3558,-9.3811,62.73,87,47,17.81
309,Mitsamiouli,KM,2021-07-12 01:22:07,-11.3847,43.2844,76.48,71,6,5.91
310,Port-Gentil,GA,2021-07-12 01:22:07,-0.7193,8.7815,77.61,80,100,14.97
311,Scarborough,GB,2021-07-12 01:22:07,54.2797,-0.4044,60.91,89,100,1.01
312,Bonavista,CA,2021-07-12 01:22:08,48.6499,-53.1147,55.4,98,96,11.83
313,Hervey Bay,AU,2021-07-12 01:22:08,-25.2986,152.8535,68.11,83,93,5.99
314,Sokoni,TZ,2021-07-12 01:22:08,-6.4333,39.55,76.46,82,8,17.29
315,Abu Dhabi,AE,2021-07-12 01:19:52,24.4667,54.3667,91.51,79,0,4.61
316,Mandera,KE,2021-07-12 01:22:09,3.9366,41.867,76.98,62,99,18.72
317,Gigmoto,PH,2021-07-12 01:22:09,13.7796,124.39,85.41,77,100,8.05
318,Leningradskiy,RU,2021-07-12 01:22:10,69.3833,178.4167,70.3,53,8,5.88
319,Henties Bay,NA,2021-07-12 01:22:10,-22.116,14.2845,56.86,91,5,5.14
320,Porbandar,IN,2021-07-12 01:22:10,21.6422,69.6093,82.62,83,100,11.86
321,Johannesburg,ZA,2021-07-12 01:21:47,-26.2023,28.0436,48.15,53,0,1.14
322,Sao Joao Do Paraiso,BR,2021-07-12 01:22:11,-15.3136,-42.0144,62.67,55,63,3.42
323,Shimoda,JP,2021-07-12 01:22:11,34.6667,138.95,84.56,77,100,7.7
324,Chunoyar,RU,2021-07-12 01:19:07,57.4467,97.3217,66.24,68,100,2.53
325,Balclutha,NZ,2021-07-12 01:22:12,-46.2339,169.75,45.61,60,100,5.03
326,Novoagansk,RU,2021-07-12 01:22:12,61.9449,76.6625,54.18,58,89,3.62
327,Changping,CN,2021-07-12 01:19:39,40.2186,116.2197,73.04,93,100,3.0
328,Scottsbluff,US,2021-07-12 01:18:56,41.8666,-103.6672,86.23,28,1,4.0
329,Barcelona,ES,2021-07-12 01:19:15,41.3888,2.159,75.97,84,20,2.3
330,Qaqortoq,GL,2021-07-12 01:22:13,60.7167,-46.0333,46.9,98,100,3.38
331,Batemans Bay,AU,2021-07-12 01:22:13,-35.7167,150.1833,58.19,59,100,5.66
332,Miraflores,MX,2021-07-12 01:22:13,19.2167,-98.8083,67.03,79,91,6.26
333,Srednekolymsk,RU,2021-07-12 01:22:14,67.45,153.6833,79.84,38,5,21.47
334,Bongandanga,CD,2021-07-12 01:22:14,1.5,21.05,71.56,82,100,2.21
335,Ostrovnoy,RU,2021-07-12 01:22:14,68.0531,39.5131,45.84,66,100,7.2
336,Touba,CI,2021-07-12 01:22:15,8.2833,-7.6833,68.31,97,17,3.15
337,Dikson,RU,2021-07-12 01:22:15,73.5069,80.5464,32.97,99,100,21.54
338,Shenjiamen,CN,2021-07-12 01:22:15,29.9576,122.298,80.02,87,100,23.55
339,Segou,ML,2021-07-12 01:22:16,13.4317,-6.2157,80.15,68,82,3.71
340,Breves,BR,2021-07-12 01:22:16,-1.6822,-50.4803,77.7,80,98,4.38
341,Palmas,BR,2021-07-12 01:22:17,-10.2128,-48.3603,73.27,73,0,4.61
342,Dakar,SN,2021-07-12 01:21:00,14.6937,-17.4441,76.08,76,99,6.67
343,Grimbergen,BE,2021-07-12 01:22:17,50.9333,4.3667,62.71,92,0,3.44
344,Samarai,PG,2021-07-12 01:22:18,-10.6167,150.6667,79.88,85,95,14.99
345,Mogadishu,SO,2021-07-12 01:22:18,2.0371,45.3438,75.81,86,58,17.27
346,Yaan,NG,2021-07-12 01:22:18,7.3833,8.5667,71.51,96,77,5.84
347,Seymchan,RU,2021-07-12 01:22:19,62.8833,152.4333,75.47,42,57,19.86
348,Nemuro,JP,2021-07-12 01:19:27,43.3236,145.575,68.43,95,100,9.01
349,Turukhansk,RU,2021-07-12 01:22:19,65.8167,87.9833,50.79,54,91,6.69
350,San Cristobal,VE,2021-07-12 01:18:38,7.7669,-72.225,71.78,90,71,1.86
351,Kysyl-Syr,RU,2021-07-12 01:22:20,63.8986,122.7617,70.77,48,47,5.39
352,Valparaiso,CL,2021-07-12 01:22:20,-33.0393,-71.6273,52.48,79,75,4.61
353,Ninghai,CN,2021-07-12 01:22:21,29.2892,121.4247,89.73,82,100,4.12
354,Lavrentiya,RU,2021-07-12 01:22:21,65.5833,-171.0,50.77,79,100,7.92
355,Vila Velha,BR,2021-07-12 01:22:21,-20.3297,-40.2925,66.15,94,75,2.3
356,Freeport,US,2021-07-12 01:17:53,40.6576,-73.5832,77.07,87,29,8.99
357,Arua,UG,2021-07-12 01:22:22,3.0201,30.9111,62.55,88,73,3.51
358,Miri,MY,2021-07-12 01:18:15,4.4148,114.0089,80.74,89,40,5.75
359,Payo,ID,2021-07-12 01:22:22,-3.7508,103.6372,75.2,94,61,1.03
360,Umm Lajj,SA,2021-07-12 01:22:23,25.0213,37.2685,84.63,57,0,9.1
361,Sovetskiy,RU,2021-07-12 01:22:23,61.3614,63.5842,53.26,62,48,4.99
362,Bondoukou,CI,2021-07-12 01:22:24,8.0333,-2.8,70.02,95,82,4.38
363,Tessalit,ML,2021-07-12 01:22:24,20.1986,1.0114,91.13,18,0,3.06
364,Harlingen,US,2021-07-12 01:22:24,26.1906,-97.6961,86.32,89,20,12.66
365,Uruzgan,AF,2021-07-12 01:22:25,32.8333,66.0,77.34,17,0,5.95
366,Arani,IN,2021-07-12 01:22:25,12.6667,79.2833,79.27,72,100,4.85
367,Nenjiang,CN,2021-07-12 01:22:25,49.1833,125.2167,80.8,70,7,5.26
368,Capitao Poco,BR,2021-07-12 01:21:39,-1.7464,-47.0594,71.82,95,2,4.83
369,Blythe,US,2021-07-12 01:22:26,33.6103,-114.5964,112.03,18,75,20.71
370,Faya,SA,2021-07-12 01:18:59,18.3851,42.4509,69.91,44,98,4.03
371,Tongren,CN,2021-07-12 01:22:26,27.7172,109.1853,84.6,71,29,5.32
372,Hampton,US,2021-07-12 01:22:27,37.0299,-76.3452,82.45,78,1,6.91
373,Longido,TZ,2021-07-12 01:22:27,-2.7333,36.6833,57.47,84,49,0.74
374,Faanui,PF,2021-07-12 01:22:27,-16.4833,-151.75,79.93,76,6,18.86
375,Jimenez,MX,2021-07-12 01:22:28,28.3333,-105.4,92.14,33,89,10.63
376,Ilulissat,GL,2021-07-12 01:18:45,69.2167,-51.1,48.22,61,28,3.44
377,Port Augusta,AU,2021-07-12 01:22:28,-32.5,137.7667,59.14,68,68,6.33
378,Kavaratti,IN,2021-07-12 01:22:29,10.5669,72.642,82.36,80,100,22.88
379,Nanortalik,GL,2021-07-12 01:22:29,60.1432,-45.2371,41.58,98,100,4.16
380,Pevek,RU,2021-07-12 01:22:29,69.7008,170.3133,56.91,72,9,14.36
381,Nishihara,JP,2021-07-12 01:22:30,26.1842,127.7558,87.46,79,75,5.75
382,Lazaro Cardenas,MX,2021-07-12 01:22:30,17.9583,-102.2,82.42,80,100,5.86
383,Udgir,IN,2021-07-12 01:22:30,18.3833,77.1167,73.62,92,100,9.13
384,Ardakan,IR,2021-07-12 01:22:31,32.31,54.0175,89.98,18,0,10.09
385,Saraland,US,2021-07-12 01:22:31,30.8207,-88.0706,76.05,91,100,5.06
386,Korla,CN,2021-07-12 01:22:32,41.7597,86.1469,80.6,28,63,14.7
387,Alekseyevsk,RU,2021-07-12 01:22:32,57.8406,108.3492,60.48,88,100,1.19
388,Peace River,CA,2021-07-12 01:22:32,56.2501,-117.286,77.31,29,75,17.27
389,Gat,IL,2021-07-12 01:22:33,31.61,34.7642,80.4,82,0,0.38
390,Morehead,US,2021-07-12 01:17:53,37.2711,-87.1764,77.14,84,90,0.0
391,Olinda,BR,2021-07-12 01:22:33,-8.0089,-34.8553,73.13,88,75,3.44
392,Petropavlovsk-Kamchatskiy,RU,2021-07-12 01:22:34,53.0452,158.6483,75.79,47,0,6.71
393,Tautira,PF,2021-07-12 01:22:34,-17.7333,-149.15,80.62,77,7,16.71
394,Tha Bo,TH,2021-07-12 01:22:34,17.85,102.5814,84.09,74,40,4.61
395,Amambai,BR,2021-07-12 01:22:35,-23.1042,-55.2258,62.87,53,6,6.31
396,Simao,CN,2021-07-12 01:22:35,22.7886,100.9748,70.59,87,76,1.92
397,Provideniya,RU,2021-07-12 01:22:35,64.3833,-173.3,46.51,76,0,13.42
398,Kaka,TM,2021-07-12 01:22:36,37.3482,59.6143,80.37,31,20,3.71
399,Beloha,MG,2021-07-12 01:22:36,-25.1667,45.05,61.66,82,0,4.9
400,Puerto Penasco,MX,2021-07-12 01:22:37,31.3167,-113.5333,87.91,74,1,5.99
401,Amarante Do Maranhao,BR,2021-07-12 01:22:37,-5.5667,-46.7422,79.84,51,98,2.66
402,Independence,US,2021-07-12 01:20:00,39.0911,-94.4155,69.12,87,90,3.0
403,Koungou,YT,2021-07-12 01:22:38,-12.7336,45.2042,76.71,78,40,12.66
404,Talnakh,RU,2021-07-12 01:22:38,69.4865,88.3972,45.03,71,64,10.04
405,Tougue,GN,2021-07-12 01:22:38,11.4667,-11.6,68.16,98,100,2.68
406,Katsuura,JP,2021-07-12 01:22:39,35.1333,140.3,82.51,80,100,4.32
407,Kapoeta,SS,2021-07-12 01:22:39,4.7717,33.5903,74.44,68,100,3.56
408,San Carlos De Bariloche,AR,2021-07-12 01:22:39,-41.1456,-71.3082,38.95,75,40,16.11
409,Mount Gambier,AU,2021-07-12 01:22:40,-37.8333,140.7667,49.69,94,100,12.66
410,Jimo,CN,2021-07-12 01:20:03,36.3897,120.4622,83.98,79,100,15.66
411,Yokadouma,CM,2021-07-12 01:22:40,3.5167,15.05,68.2,97,100,2.33
412,Selenginsk,RU,2021-07-12 01:22:41,52.0064,106.8647,61.21,96,100,1.43
413,Effingham,US,2021-07-12 01:20:24,32.3669,-81.3332,82.83,92,100,8.59
414,Teguldet,RU,2021-07-12 01:22:41,57.3064,88.1667,63.77,79,75,4.05
415,Zelenoborskiy,RU,2021-07-12 01:22:41,66.845,32.3622,58.87,87,56,12.46
416,Raudeberg,NO,2021-07-12 01:22:42,61.9875,5.1352,62.2,82,99,14.7
417,Tazovskiy,RU,2021-07-12 01:22:42,67.4667,78.7,40.8,72,7,12.75
418,Fukue,JP,2021-07-12 01:22:42,32.6881,128.8419,82.76,94,75,8.05
419,Bambous Virieux,MU,2021-07-12 01:22:43,-20.3428,57.7575,70.21,88,75,10.36
420,Mirador,BR,2021-07-12 01:22:43,-6.3708,-44.3631,76.59,54,21,1.99
421,Isabela,PH,2021-07-12 01:22:44,6.7085,121.9711,84.52,70,97,1.41
422,Huarmey,PE,2021-07-12 01:18:31,-10.0681,-78.1522,64.99,85,39,7.07
423,Linkuva,LT,2021-07-12 01:22:44,56.0856,23.9725,63.27,86,55,6.82
424,Amahai,ID,2021-07-12 01:22:44,-3.3333,128.9167,80.49,83,96,1.36
425,Meulaboh,ID,2021-07-12 01:22:45,4.1363,96.1285,75.7,81,94,5.1
426,Cabcab,PH,2021-07-12 01:22:45,13.6268,124.0515,84.51,76,100,5.35
427,Dong Xoai,VN,2021-07-12 01:22:46,11.5333,106.9167,77.92,90,63,2.46
428,Sept-Iles,CA,2021-07-12 01:19:02,50.2001,-66.3821,55.06,91,40,2.3
429,Roald,NO,2021-07-12 01:22:46,62.5833,6.1333,63.34,77,90,5.75
430,Malanje,AO,2021-07-12 01:22:46,-9.5402,16.341,57.56,30,4,3.36
431,Ericeira,PT,2021-07-12 01:22:47,38.9627,-9.4156,63.3,87,95,19.62
432,Grand-Santi,GF,2021-07-12 01:22:47,4.25,-54.3833,73.04,97,100,2.51
433,Manaure,CO,2021-07-12 01:22:48,11.7751,-72.4445,81.68,75,100,19.69
434,Encarnacion,PY,2021-07-12 01:22:48,-27.3333,-55.9,70.32,78,0,3.44
435,Maragogi,BR,2021-07-12 01:22:48,-9.0122,-35.2225,74.95,86,1,7.94
436,Maneromango,TZ,2021-07-12 01:22:49,-7.1988,38.7848,65.32,95,70,5.26
437,Truro,GB,2021-07-12 01:22:49,50.2653,-5.0544,59.95,100,89,6.82
438,Qasigiannguit,GL,2021-07-12 01:22:49,68.8193,-51.1922,48.45,80,81,2.01
439,Kahului,US,2021-07-12 01:22:50,20.8947,-156.47,84.22,67,40,27.63
440,Camacha,PT,2021-07-12 01:22:50,33.0833,-16.3333,74.16,83,40,14.97
441,Tuatapere,NZ,2021-07-12 01:22:50,-46.1333,167.6833,44.17,87,90,4.54
442,Sutton,GB,2021-07-12 01:22:51,51.35,-0.2,59.36,94,100,2.39
443,Zhezkazgan,KZ,2021-07-12 01:22:51,47.8043,67.7144,75.99,33,100,10.31
444,Marystown,CA,2021-07-12 01:22:51,47.1666,-55.1483,52.86,92,79,5.35
445,Kayerkan,RU,2021-07-12 01:22:52,69.3497,87.7602,42.93,69,68,11.21
446,Parana,AR,2021-07-12 01:22:52,-31.732,-60.5238,58.57,82,100,7.25
447,Le Port,RE,2021-07-12 01:22:53,-20.9373,55.2919,67.96,89,64,9.17
448,Adrar,MR,2021-07-12 01:19:29,20.5022,-10.0711,88.54,32,77,5.97
449,Plast,RU,2021-07-12 01:22:53,54.3691,60.8136,51.4,69,43,13.89
450,Preeceville,CA,2021-07-12 01:22:53,51.95,-102.6677,65.16,88,100,12.48
451,Gondar,ET,2021-07-12 01:22:54,12.6,37.4667,56.41,93,97,0.43
452,Bastrop,US,2021-07-12 01:22:54,32.7562,-91.8724,80.28,89,1,3.44
453,Yola,NG,2021-07-12 01:22:54,9.2,12.4833,75.04,89,100,3.6
454,Columbus,US,2021-07-12 01:20:27,39.9612,-82.9988,77.41,85,1,4.61
455,Iralaya,HN,2021-07-12 01:22:55,15.0,-83.2333,79.18,83,100,12.64
456,Jalingo,NG,2021-07-12 01:22:55,8.8833,11.3667,74.64,87,100,4.14
457,Bengkulu,ID,2021-07-12 01:22:56,-3.8004,102.2655,77.97,81,86,3.67
458,Jojoima,SL,2021-07-12 01:22:56,7.8792,-10.7878,71.38,99,100,1.23
459,Povenets,RU,2021-07-12 01:22:56,62.8487,34.8262,63.43,83,10,3.15
460,Puerto Ayacucho,VE,2021-07-12 01:22:57,5.6639,-67.6236,75.85,91,83,2.37
461,Sobolevo,RU,2021-07-12 01:22:57,54.4299,31.8996,65.59,93,0,5.84
462,Seinajoki,FI,2021-07-12 01:22:57,62.7945,22.8282,61.56,78,0,1.01
463,Naryan-Mar,RU,2021-07-12 01:22:58,67.6713,53.087,41.77,83,3,12.24
464,Ilinskiy,RU,2021-07-12 01:22:58,55.619,38.1182,68.68,72,0,4.47
465,Shache,CN,2021-07-12 01:22:59,38.4167,77.2406,81.55,22,0,5.93
466,Karratha,AU,2021-07-12 01:18:17,-20.7377,116.8463,74.41,59,17,6.35
467,Kuruman,ZA,2021-07-12 01:22:59,-27.4524,23.4325,50.99,34,0,9.91
468,Alofi,NU,2021-07-12 01:19:00,-19.0595,-169.9187,82.29,74,0,10.36
469,Den Helder,NL,2021-07-12 01:22:59,52.9599,4.7593,63.01,94,90,1.14
470,Geraldton,AU,2021-07-12 01:23:00,-28.7667,114.6,64.81,94,75,10.36
471,Voru,EE,2021-07-12 01:23:00,57.8339,27.0194,64.85,87,8,3.33
472,Kavieng,PG,2021-07-12 01:19:36,-2.5744,150.7967,83.46,77,98,14.16
473,Sorong,ID,2021-07-12 01:23:01,-0.8833,131.25,82.44,78,100,6.26
474,Barranca,PE,2021-07-12 01:23:01,-10.75,-77.7667,63.86,82,23,6.08
475,Liku,ID,2021-07-12 01:23:01,-0.7275,119.8922,83.03,69,62,2.62
476,Waingapu,ID,2021-07-12 01:23:02,-9.6567,120.2641,82.53,62,26,17.05
477,Kerch,UA,2021-07-12 01:23:02,45.3583,36.4758,78.22,71,2,15.68
478,Boca Do Acre,BR,2021-07-12 01:23:02,-8.7522,-67.3978,75.25,55,85,1.41
479,Kishanganj,IN,2021-07-12 01:23:03,26.1167,87.9333,81.41,83,21,6.87
480,Annau,TM,2021-07-12 01:23:03,37.8876,58.516,80.1,44,90,2.3
481,Aubenas,FR,2021-07-12 01:23:03,44.6201,4.3899,68.25,81,83,1.77
482,Lufilufi,WS,2021-07-12 01:23:04,-13.8745,-171.5986,89.38,76,89,18.95
483,Urcos,PE,2021-07-12 01:23:04,-13.6861,-71.6228,53.49,84,37,5.06
484,Melfi,IT,2021-07-12 01:23:04,40.9965,15.6514,71.22,71,0,6.71
485,Maningrida,AU,2021-07-12 01:23:05,-12.0667,134.2667,82.56,51,91,13.47
486,Moron,AR,2021-07-12 01:22:19,-34.6534,-58.6198,57.97,70,100,4.0
487,Derzhavinsk,KZ,2021-07-12 01:23:05,51.1,66.3167,61.92,89,98,16.35
488,Constitucion,CL,2021-07-12 01:20:56,-35.3333,-72.4167,47.3,70,99,4.92
489,Chapleau,CA,2021-07-12 01:23:06,47.8405,-83.4034,68.09,73,20,5.75
490,Yerbogachen,RU,2021-07-12 01:23:06,61.2767,108.0108,65.23,61,84,3.83
491,Dzaoudzi,YT,2021-07-12 01:23:07,-12.7887,45.2699,76.89,78,40,12.66
492,Vilyuysk,RU,2021-07-12 01:23:07,63.7553,121.6247,71.13,47,20,5.3
493,Beruwala,LK,2021-07-12 01:23:07,6.4788,79.9828,79.29,83,100,15.08
494,San Policarpo,PH,2021-07-12 01:23:08,12.1791,125.5072,83.88,80,97,5.37
495,Lanzhou,CN,2021-07-12 01:23:08,36.0564,103.7922,70.88,54,5,4.94
496,Mayo,US,2021-07-12 01:23:08,38.8876,-76.5119,85.55,87,1,1.01
497,Kaduy,RU,2021-07-12 01:23:09,59.2,37.15,61.61,67,0,4.25
498,Sangar,RU,2021-07-12 01:23:09,63.9242,127.4739,60.85,63,99,3.4
499,Lata,PT,2021-07-12 01:23:09,40.1629,-8.3327,58.82,79,99,7.45
500,Invermere,CA,2021-07-12 01:23:10,50.5167,-116.0354,83.84,27,5,1.01
501,Aspindza,GE,2021-07-12 01:23:10,41.5739,43.2483,58.8,89,9,3.91
502,Flin Flon,CA,2021-07-12 01:19:20,54.7682,-101.865,86.27,29,12,7.14
503,Eenhana,NA,2021-07-12 01:23:11,-17.4667,16.3333,51.55,33,1,5.08
504,Caraballeda,VE,2021-07-12 01:23:11,10.6112,-66.8522,78.87,94,81,5.75
505,Ca Mau,VN,2021-07-12 01:22:20,9.1769,105.15,80.53,83,63,1.05
506,Dourbali,TD,2021-07-12 01:23:12,11.8091,15.8632,76.01,78,100,15.37
507,Senneterre,CA,2021-07-12 01:23:12,48.3835,-77.2328,66.42,65,0,5.75
508,Santiago,CL,2021-07-12 01:20:00,-33.4569,-70.6483,55.85,52,100,9.22
509,Riyadh,SA,2021-07-12 01:18:50,24.6877,46.7219,89.74,14,5,5.5
510,Chililabombwe,ZM,2021-07-12 01:23:13,-12.3648,27.8229,50.72,76,0,4.83
511,Katghora,IN,2021-07-12 01:23:13,22.5,82.55,80.35,81,15,3.31
512,Mackay,AU,2021-07-12 01:23:13,-21.15,149.2,72.68,69,5,7.72
513,Monteagudo,BO,2021-07-12 01:23:14,-19.8167,-63.9833,59.94,88,0,2.48
514,Lagos,NG,2021-07-12 01:18:41,6.5833,3.75,79.12,87,100,4.12
515,Half Moon Bay,US,2021-07-12 01:23:14,37.4636,-122.4286,89.11,69,20,13.8
516,Karasjok,NO,2021-07-12 01:23:14,69.4719,25.5112,53.71,73,100,7.27
517,Svetlaya,RU,2021-07-12 01:23:15,46.5389,138.3297,70.32,80,62,7.87
518,Mountain Home,US,2021-07-12 01:23:15,43.133,-115.6912,98.08,8,1,17.27
519,Oussouye,SN,2021-07-12 01:23:15,12.485,-16.5469,80.78,79,100,5.73
520,Aswan,EG,2021-07-12 01:23:16,24.0934,32.907,89.67,25,0,6.64
521,Aykhal,RU,2021-07-12 01:23:16,66.0,111.5,50.43,89,100,4.54
522,Montepuez,MZ,2021-07-12 01:23:16,-13.1256,38.9997,61.16,98,25,6.22
523,Bairiki,KI,2021-07-12 01:23:17,1.3292,172.9752,87.8,70,75,12.66
524,Vrangel,RU,2021-07-12 01:23:17,42.7297,133.0839,69.46,86,57,8.61
525,Kyaikto,MM,2021-07-12 01:23:18,17.3,97.0167,80.24,84,74,7.43
526,Pangoa,PE,2021-07-12 01:23:09,-12.1167,-73.0,65.53,98,3,2.89
527,Ahuimanu,US,2021-07-12 01:23:18,21.4447,-157.8378,83.91,59,40,11.5
528,Maarianhamina,AX,2021-07-12 01:23:19,60.0973,19.9348,55.26,100,14,1.14
529,Springbok,ZA,2021-07-12 01:23:19,-29.6643,17.8865,44.13,48,85,4.23
530,Carballo,ES,2021-07-12 01:18:24,43.213,-8.691,59.86,91,99,3.4
531,Jalu,LY,2021-07-12 01:23:19,29.0331,21.5482,78.82,72,0,10.56
532,Lashio,MM,2021-07-12 01:23:20,22.9333,97.75,72.84,87,80,1.1
533,Lithgow,AU,2021-07-12 01:23:20,-33.4833,150.15,50.86,61,100,5.19
534,La Libertad,EC,2021-07-12 01:23:20,-2.2333,-80.9,69.67,83,58,10.0
535,Dinard,FR,2021-07-12 01:23:21,48.6314,-2.0614,60.67,89,90,5.75
536,Tiarei,PF,2021-07-12 01:23:21,-17.5333,-149.3333,80.62,75,1,17.49
537,High Level,CA,2021-07-12 01:23:22,58.5169,-117.136,73.51,46,1,6.91
538,Brandon,US,2021-07-12 01:23:22,27.9378,-82.2859,80.94,91,1,0.0
539,Lorengau,PG,2021-07-12 01:23:22,-2.0226,147.2712,83.48,76,100,9.17
540,Olot,ES,2021-07-12 01:23:23,42.181,2.4901,71.78,37,1,5.53
541,Uinskoye,RU,2021-07-12 01:23:23,56.8817,56.5813,49.24,85,0,6.76
542,Vao,NC,2021-07-12 01:23:23,-22.6667,167.4833,69.46,69,0,15.84
543,Doha,QA,2021-07-12 01:18:49,25.2867,51.5333,93.18,55,0,4.61
544,Saint-Joseph,RE,2021-07-12 01:23:24,-21.3667,55.6167,66.56,74,18,12.88
545,Cayenne,GF,2021-07-12 01:23:24,4.9333,-52.3333,76.08,91,90,1.14
546,Takoradi,GH,2021-07-12 01:23:24,4.8845,-1.7554,75.52,84,42,8.37
547,Takhtamygda,RU,2021-07-12 01:23:25,54.1,123.5667,73.92,40,100,1.77
548,Fort Nelson,CA,2021-07-12 01:23:25,58.8053,-122.7002,74.79,29,20,10.36
549,Te Anau,NZ,2021-07-12 01:23:26,-45.4167,167.7167,43.79,77,95,2.66
550,Manado,ID,2021-07-12 01:23:26,1.487,124.8455,88.57,66,20,1.14
551,Lasa,IT,2021-07-12 01:23:26,46.6166,10.7002,61.02,92,1,2.59
552,Birao,CF,2021-07-12 01:23:27,10.2849,22.7882,69.75,93,100,4.54
553,Tottori,JP,2021-07-12 01:23:27,35.5,134.2333,73.47,94,75,6.91
554,Santa Vitoria Do Palmar,BR,2021-07-12 01:23:28,-33.5189,-53.3681,48.34,86,8,6.42
555,Bandarbeyla,SO,2021-07-12 01:23:28,9.4942,50.8122,78.35,68,89,28.27
556,La Rioja,ES,2021-07-12 01:23:29,42.25,-2.5,56.98,83,100,4.56
557,Imeni Poliny Osipenko,RU,2021-07-12 01:23:29,52.4201,136.4853,73.58,75,66,6.13
558,Vadakku Valliyur,IN,2021-07-12 01:23:29,8.3833,77.65,78.22,85,79,7.52
559,Vasai,IN,2021-07-12 01:23:30,19.47,72.8,80.69,86,100,16.84
560,Sorland,NO,2021-07-12 01:23:30,67.667,12.6934,55.94,95,100,25.55
561,Verkhnevilyuysk,RU,2021-07-12 01:23:30,63.4453,120.3167,70.77,51,33,4.68
562,Kurilsk,RU,2021-07-12 01:23:31,45.2333,147.8833,63.03,78,38,5.35
563,Leh,IN,2021-07-12 01:23:31,34.1667,77.5833,62.08,55,2,5.91
564,Alta Gracia,AR,2021-07-12 01:23:31,-31.6529,-64.4283,57.88,64,82,4.18
565,Acarau,BR,2021-07-12 01:23:32,-2.8856,-40.12,78.19,79,78,13.09
566,Belawan,ID,2021-07-12 01:23:32,3.7755,98.6832,77.29,91,100,7.27
567,Saint-Georges,GD,2021-07-12 01:23:32,12.0564,-61.7485,78.48,89,40,14.97
568,Macara,EC,2021-07-12 01:23:33,-4.3833,-79.95,72.12,74,92,4.25
569,Thunder Bay,CA,2021-07-12 01:23:33,48.4001,-89.3168,76.98,66,75,8.05
570,Labuhan,ID,2021-07-12 01:23:33,-6.8844,112.2051,80.33,76,43,6.78
571,Los Llanos De Aridane,ES,2021-07-12 01:23:34,28.6585,-17.9182,71.13,87,75,14.97
572,Waddan,LY,2021-07-12 01:23:34,29.1614,16.139,74.64,61,0,8.12
573,Veinticinco De Mayo,AR,2021-07-12 01:23:34,-35.4323,-60.1727,55.06,51,100,6.85
574,Chingirlau,KZ,2021-07-12 01:23:35,51.095,54.0814,61.66,76,0,8.19
575,Ambulu,ID,2021-07-12 01:23:35,-8.345,113.6058,78.78,76,4,1.5
576,Jumla,NP,2021-07-12 01:23:35,29.2747,82.1838,62.42,94,100,2.86
577,Luanda,AO,2021-07-12 01:23:36,-8.8368,13.2343,68.74,91,35,7.02
578,Saint-Pierre,RE,2021-07-12 01:23:36,-21.3393,55.4781,67.64,71,0,9.22
579,Chincholi,IN,2021-07-12 01:23:36,17.4667,77.4333,74.14,94,100,10.71
580,Tecpan,GT,2021-07-12 01:23:37,14.7623,-90.9947,58.32,92,87,5.08
581,Tura,IN,2021-07-12 01:23:37,25.5198,90.2201,79.02,80,99,1.77
582,Kinston,US,2021-07-12 01:23:38,35.2627,-77.5816,79.16,94,1,6.91
583,Aksarka,RU,2021-07-12 01:23:38,66.5606,67.7975,45.57,56,25,7.96
584,Terrace Bay,CA,2021-07-12 01:23:38,48.7834,-87.1,64.02,72,0,2.1
585,Sechura,PE,2021-07-12 01:23:39,-5.5569,-80.8222,68.54,75,33,13.49
586,Rondonopolis,BR,2021-07-12 01:22:13,-16.4708,-54.6356,71.28,36,100,1.54
587,Kijang,KR,2021-07-12 01:23:39,35.2442,129.2139,87.53,75,16,6.4
588,Yingcheng,CN,2021-07-12 01:23:40,30.95,113.55,87.85,86,100,18.19
589,Villa Maria,AR,2021-07-12 01:23:40,-32.4075,-63.2402,53.56,59,99,7.25
590,Lillooet,CA,2021-07-12 01:23:40,50.6856,-121.942,88.52,26,19,3.06
591,Hearst,CA,2021-07-12 01:23:41,49.6835,-83.6665,66.45,64,0,2.77
592,Karatuzskoye,RU,2021-07-12 01:23:42,53.6072,92.8667,63.25,82,100,1.57
593,Monrovia,LR,2021-07-12 01:23:42,6.3005,-10.7969,76.89,81,100,7.74
